timestamp,message_type,user_id,nickname,content,user_level,giver_id,giver_nickname,gift_name,combo_count,receiver_id,receiver_nickname,like_count,like_total,member_count,follow_count,display_short,display_middle,display_long,room_total
2025-09-16T21:28:25.429029,room_stats,,,,,,,,,,,,,,,10万+,10万+,10万+在线观众,378968
2025-09-16T21:28:25.446122,gift,,,,,MS4wLjABAAAA__s-t_hST3WTIf9vFk1s0ImwfigMl87xlmLu-HrkDdk,小爸爸ღ,粉丝团灯牌,1,,,,,,,,,,
2025-09-16T21:28:25.446727,gift,,,,,MS4wLjABAAAA4WKg-xPxZegJrDS__NvdFnUf8CPLRF2-oQZauEsK1mo,小义,点亮粉丝团,1,,,,,,,,,,
2025-09-16T21:28:25.446826,gift,,,,,MS4wLjABAAAAjR6uzFk8Z4zmv3ZG26StnogR2oOLXO33u6wWSnOoOsw,晴宝,粉丝团灯牌,1,,,,,,,,,,
2025-09-16T21:28:25.447202,gift,,,,,MS4wLjABAAAAT-wZ7I9-NSKeo0yZ3Mr43mem2i1EmmQdhyRuqtRuVos,陈冠鱼***,为你闪耀,1,,,,,,,,,,
2025-09-16T21:28:25.447966,enter,MS4wLjABAAAAP5fg-9dUfl3gm6X2RZPMFJUrULZlPDxwfLdO8qrIXn4GVcwc9d_Fm7xrQB4u3nbN,@信❤️爷,,,,,,,,,,,375453,,,,,
2025-09-16T21:28:25.448092,enter,MS4wLjABAAAA8PSc5uYljfvjUP6Prdd2_E8tGusZQXC0x8Dzsk2bGV8,এ᭄🐒时光荏苒༊₅₂₀,,,,,,,,,,,374178,,,,,
2025-09-16T21:28:25.448128,enter,MS4wLjABAAAA7NbErNjrhWPRoEtzfeUfzegJC02MRj_BzJfJvNOmWlw,中青年,,,,,,,,,,,375453,,,,,
2025-09-16T21:28:25.448175,gift,,,,,MS4wLjABAAAAROYPArHfa5-T-X7bjhd2G7ZXWThVomHvriEIpQawM8oYVMbxbQgV2DwOvBCwGEMi,JZ,点亮粉丝团,1,,,,,,,,,,
2025-09-16T21:28:25.448214,enter,MS4wLjABAAAATf9g4VTvZoCPHO-3vC5Z0lzQxJdX6aedxaToI-1x-pM,贵州多力通,,,,,,,,,,,376250,,,,,
2025-09-16T21:28:25.449225,gift,,,,,MS4wLjABAAAArOpYSlh4M9tsn8TbCnecYmHLHIl1g13EQSdgVp-2o38,🌈许forever,你最好看,1,,,,,,,,,,
2025-09-16T21:28:25.449276,enter,MS4wLjABAAAAIZCwIVwTlDFfgHTtISaL-wMvpASa4dPzlijdWfsXbywBHg_pJi0rfBG08b8XjTqm,加快脚步追你,,,,,,,,,,,375453,,,,,
2025-09-16T21:28:25.449316,gift,,,,,MS4wLjABAAAAyEcm0QaWDQGQVLi8hvM3xoobRgaSnLIpmRS7sYX4_1ahl40EsGdrjJrjg4h2YexS,大鹏展翅,人气票,1,,,,,,,,,,
2025-09-16T21:28:25.449365,gift,,,,,MS4wLjABAAAAerZhm55YvDir0ikB9rndv6vW3jQ2jK7F-W_p3QRxax0,军海装饰,点亮粉丝团,1,,,,,,,,,,
2025-09-16T21:28:25.449458,gift,,,,,MS4wLjABAAAArC9qyuAYzTYfmDUskSOj8eW-Kac8gl7ewn5QRSsrLDo,豹哥   1999(大美曹县农民大舞台）,点亮粉丝团,1,,,,,,,,,,
2025-09-16T21:28:25.449812,gift,,,,,MS4wLjABAAAAwKtk3eto7aUXK23ZwEl0-WqsOJ9xpc30tSnAaBnTvN0,柔情💐似水🥀4457,小心心,26,,,,,,,,,,
2025-09-16T21:28:25.455510,gift,,,,,MS4wLjABAAAAehRjvKddfv-Mjh_-T3OT-KIVsRHAktEIbeMw-RJsKr7uoOEOkFaaysMEN-wLFAIt,港姐朱朱¹⁰¹⁷,小心心,497,,,,,,,,,,
2025-09-16T21:28:25.455811,gift,,,,,MS4wLjABAAAAkT0-v075L6aZX2ipw-3Sp_ZXkMXa65lGz71M2-UuUDE,大海捞汁,点亮粉丝团,1,,,,,,,,,,
2025-09-16T21:28:25.455846,message,MS4wLjABAAAAjlG5fRfrt8peDxgA06c2-21N7l3620y4nve9dK-QyBJQHGypWTLzDxa9vzRaddev,人生如戏,小光头过年了,,,,,,,,,,,,,,,
2025-09-16T21:28:25.455882,gift,,,,,MS4wLjABAAAALdWAe-sWzVmHsDZY-SdRmApThqJAXxMPRUW2K75yTwk,奋斗的搬砖人,粉丝团灯牌,1,,,,,,,,,,
2025-09-16T21:28:25.456897,gift,,,,,MS4wLjABAAAAdk-MO2d8slvO7SEDfpzfmWkOUmMaWqQpRnoeiUdKMQ-pqm2zbe4WNnOwBsRnJI8W,空城念旧人,点亮粉丝团,1,,,,,,,,,,
2025-09-16T21:28:25.456948,message,MS4wLjABAAAAaMNcXVQ48m8oSUS7YpVNngia6G8_cQH_Rs_k3T0sZAU,戏如人生,支持一号,,,,,,,,,,,,,,,
2025-09-16T21:28:25.456977,enter,MS4wLjABAAAAhf7wT_BTnVXtCu9RHBpYey0ScAkRJWMFJNXg98Zc_LE,Zhao,,,,,,,,,,,375453,,,,,
2025-09-16T21:28:25.456996,enter,MS4wLjABAAAA32oBZkXdlI6E0EMCsGGKXRGcRRFg2cFLE8LKt4CK8f0,Qiᴗanᥫᩣ,,,,,,,,,,,377035,,,,,
2025-09-16T21:28:25.457024,gift,,,,,MS4wLjABAAAAx7YpmtQRXl4DiqHeB5yB6Y1fPcP4MfGCgrqjQAIsw3c,狼哥（1909）,粉丝团灯牌,1,,,,,,,,,,
2025-09-16T21:28:25.457106,gift,,,,,MS4wLjABAAAAJvq3XubRVFO3s38qJ598QE6VulX-6z58rLLL6qPghcvdx9rLMFz7wrM0ftRKjQYG,有你很幸福,点亮粉丝团,1,,,,,,,,,,
2025-09-16T21:28:25.457168,enter,MS4wLjABAAAApGKzTe6rAfMqdZYBSClVkwlBjHZVD9hs_mzB0nm5d1M,爱自己❤,,,,,,,,,,,376250,,,,,
2025-09-16T21:28:25.457192,gift,,,,,MS4wLjABAAAAbo8IL2ekGsjQVevSOuna05uKDIdxXTUIj2BKMKOx7L0,《光芒万张》,人气票,1,,,,,,,,,,
2025-09-16T21:28:25.457212,enter,MS4wLjABAAAAY3qS7794P-s3kpgYy4GGSwhLl0GVDkucrmWZ46swZAY,谁的年少不轻狂,,,,,,,,,,,375453,,,,,
2025-09-16T21:28:25.457235,gift,,,,,MS4wLjABAAAAehRjvKddfv-Mjh_-T3OT-KIVsRHAktEIbeMw-RJsKr7uoOEOkFaaysMEN-wLFAIt,港姐朱朱¹⁰¹⁷,小心心,498,,,,,,,,,,
2025-09-16T21:28:25.457643,gift,,,,,MS4wLjABAAAAB1muLdcIQAGEVK4fuyFwsEB3Q0cv87omCMKSe7K_VEU,坚持下去,点亮粉丝团,1,,,,,,,,,,
2025-09-16T21:28:25.457668,gift,,,,,MS4wLjABAAAA-GdyEQ785reh3bz7h9pHG6rjc3yFF-6W-ADE054T0Wo,看世界鱼🐟鱼🐟🐟,小心心,2,,,,,,,,,,
2025-09-16T21:28:26.118919,gift,,,,,MS4wLjABAAAAwKtk3eto7aUXK23ZwEl0-WqsOJ9xpc30tSnAaBnTvN0,柔情💐似水🥀4457,小心心,30,,,,,,,,,,
2025-09-16T21:28:26.118979,gift,,,,,MS4wLjABAAAAGmL-zSDUGvWid7kHXmI1Poofwfhsah9WsPRrdRGbzH0,骏恒,粉丝团灯牌,1,,,,,,,,,,
2025-09-16T21:28:26.119032,gift,,,,,MS4wLjABAAAA7U2no3ilJr0x_HFVjAR6i1AK2j12Gf0uc3fzyLe39bY,晨雾拒私聊,粉丝团灯牌,1,,,,,,,,,,
2025-09-16T21:28:26.119066,message,MS4wLjABAAAAxWIZjOk4y4U_occzDRLCSB-zpyy6mvHNxFkUIS2w4A4,天长@地久,团灭了,,,,,,,,,,,,,,,
2025-09-16T21:28:26.119109,gift,,,,,MS4wLjABAAAACfb34XgppfhCP7hguo2onBF2EDbXyHsqhhU0jB480Qw,不 🌻期🌿而🌻遇,小心心,1,,,,,,,,,,
2025-09-16T21:28:26.119144,message,MS4wLjABAAAAe_YSHDjrwpL1yfo5DIM8EZD__zm8OMR0LrZuTu2OurY3F8MJLNGRwxxNSthCnDyJ,久久重阳,[666][666][666][666],,,,,,,,,,,,,,,
2025-09-16T21:28:26.119175,message,MS4wLjABAAAAWLFw9bFJ7crkeRUNrXZwFtzdhD3CDrn-mbXshmBPLv4,真姓覃,唱的可以呀,,,,,,,,,,,,,,,
2025-09-16T21:28:26.119207,follow,MS4wLjABAAAAiFPI04n2DqdG3pBL1ZUCpki6B_kTi5e2nfrqBOjiHmU,消消乐,,,,,,,,,,,,33163435,,,,
2025-09-16T21:28:26.726742,enter,MS4wLjABAAAAkMHWtb8kUlUc7K9CGljELIkqUi59AaHlije2UYvtiHA,抚琴,,,,,,,,,,,378241,,,,,
2025-09-16T21:28:26.726939,enter,MS4wLjABAAAAEZZYSaPMbQ5WgCBWW8G31isNaYGszYmOp5z1VdvMUmMDeoNzkehOPiL_7Y0_YP6H,菊儿🌸,,,,,,,,,,,377035,,,,,
2025-09-16T21:28:26.727208,gift,,,,,MS4wLjABAAAAX0rhP6U3N2aspe6AF0gHYGAihfm0nlRtW2ZAx5GtwtBBBBBAg-Y5gptwS2OqWiTv,L晗,人气票,1,,,,,,,,,,
2025-09-16T21:28:26.727387,gift,,,,,MS4wLjABAAAAUmp05WrxFnFoG3opl8o26IXXfWtZTa-epgQcLDTQTqRrcGUSbg8O6v_ZO7VxZZ0U,凡夫俗子,点亮粉丝团,1,,,,,,,,,,
2025-09-16T21:28:26.727497,gift,,,,,MS4wLjABAAAARe6IYyexjv9DkO5a42k5VtOy_9Xo8msJUSfGY7C2EkQ,娟娟子,点亮粉丝团,1,,,,,,,,,,
2025-09-16T21:28:26.727616,gift,,,,,MS4wLjABAAAAwKtk3eto7aUXK23ZwEl0-WqsOJ9xpc30tSnAaBnTvN0,柔情💐似水🥀4457,小心心,32,,,,,,,,,,
2025-09-16T21:28:26.727721,gift,,,,,MS4wLjABAAAA5KZYs5RSD1TkG8ZhDVwy_d1PgO9ZaRd2BAMDFlU1xa4,Q.T,粉丝团灯牌,1,,,,,,,,,,
2025-09-16T21:28:26.727832,enter,MS4wLjABAAAAh3Dr7ul1E5qJgnlLoXgYuHgKdhw0EgDNr3elUOCChBM,火之境,,,,,,,,,,,374178,,,,,
2025-09-16T21:28:26.727998,gift,,,,,MS4wLjABAAAAxSqXQxmsG1eWn21jc5dgwrLVOQQIq0uK8kzIJqqkhENxIqh_iGLtO6MJ1O4Bzcb2,明18,点亮粉丝团,1,,,,,,,,,,
2025-09-16T21:28:26.728158,enter,MS4wLjABAAAAggidOKZNZg_s6_pBVrLpN-FZh4hLoptduZ6Vc6Ta1gs,遇缘奋斗《互关互赞》,,,,,,,,,,,374807,,,,,
2025-09-16T21:28:26.730174,gift,,,,,MS4wLjABAAAA96okp3pbomyl6kKDz3oZA5NTwXm04z0ejscx1h9uzCI,顺其自然,粉丝团灯牌,1,,,,,,,,,,
2025-09-16T21:28:26.730259,gift,,,,,MS4wLjABAAAAy_TsS7xAP6fMoxeP464m-F7A-BsI2DaD8FqD8HH6gE0,✨✨✨半生已过⭐⭐⭐,点亮粉丝团,1,,,,,,,,,,
2025-09-16T21:28:26.730338,gift,,,,,MS4wLjABAAAAehRjvKddfv-Mjh_-T3OT-KIVsRHAktEIbeMw-RJsKr7uoOEOkFaaysMEN-wLFAIt,港姐朱朱¹⁰¹⁷,小心心,499,,,,,,,,,,
2025-09-16T21:28:26.730405,enter,MS4wLjABAAAAujLMGpF7JzGC3sjQu5NA3Qo47MrLgmRbAHeZobVRgvU,襄阳收废品的海艳♻️,,,,,,,,,,,374807,,,,,
2025-09-16T21:28:26.730450,message,MS4wLjABAAAABBMLSW_p20NpUzjDgZ9IcYvTH9H6Kgi6z0nU89D4PrKttfx3a8OdnwjVJa4g9-kw,半生梦,抢拍[捂脸][捂脸][捂脸],,,,,,,,,,,,,,,
2025-09-16T21:28:26.730498,message,MS4wLjABAAAAiI7Y_1zQvyIgf8ojVjiDzUqSPj9aEeEp2yXJ_xF_Y1I,ღ二妞,1号稳了,,,,,,,,,,,,,,,
2025-09-16T21:28:26.730546,message,MS4wLjABAAAAsoB7t4pXp5RSMOksxf4tBYJ5w0Jo9rz9PM53elbGnCDVn-m7MIbsaRxte2yfaCtT,迷鹿的猪💕,好听,,,,,,,,,,,,,,,
2025-09-16T21:28:27.333206,follow,MS4wLjABAAAAXyIa28w4qsp2af-Q6WTpdgw_TdnKyEAapMuTZvhRv3o,马大怪,,,,,,,,,,,,33163433,,,,
2025-09-16T21:28:27.333417,like,MS4wLjABAAAAl7bPoTG-XxyzrJ8VnJ55jSsXLpDHNjy-jt_oLo6mhKpGlzorQ-gu-7EFgXsbXn1R,有情饮水泡,,,,,,,,,30,10445792,,,,,,
2025-09-16T21:28:27.333491,enter,MS4wLjABAAAAXXGTCdInxwQEAAxEyVywor9eX_HQi1LCcYkKLTj0uWE,用户6406723385605,,,,,,,,,,,375453,,,,,
2025-09-16T21:28:27.336841,enter,MS4wLjABAAAAneF8a5e3E176kIOhiXFT8GrDOtSKp7LQ52Phs-wuN0U,家和万事新,,,,,,,,,,,374178,,,,,
2025-09-16T21:28:27.337772,enter,MS4wLjABAAAA0MObnGtNqKWJ1EHyACwEdl6N3FTxq6plh9bYthczs-E,ら卡布奇诺,,,,,,,,,,,375453,,,,,
2025-09-16T21:28:27.337856,gift,,,,,MS4wLjABAAAACFI8pY46is5YUc3w6fXm54ffDNigzSOSTKFXfRcpQGs,泸西不倒翁瓷砖（然然）,人气票,1,,,,,,,,,,
2025-09-16T21:28:27.337946,enter,MS4wLjABAAAAQaMp14YhctuQeupARl8pxJ4uWqAOyfXjaHHp5DxngRI,寇同学,,,,,,,,,,,378241,,,,,
2025-09-16T21:28:27.337998,gift,,,,,MS4wLjABAAAAyEcm0QaWDQGQVLi8hvM3xoobRgaSnLIpmRS7sYX4_1ahl40EsGdrjJrjg4h2YexS,大鹏展翅,人气票,1,,,,,,,,,,
2025-09-16T21:28:27.338053,gift,,,,,MS4wLjABAAAAehRjvKddfv-Mjh_-T3OT-KIVsRHAktEIbeMw-RJsKr7uoOEOkFaaysMEN-wLFAIt,港姐朱朱¹⁰¹⁷,小心心,500,,,,,,,,,,
2025-09-16T21:28:27.338187,gift,,,,,MS4wLjABAAAADA6n7O2RPnvz8RKP_eN8eRxNTNcOix55_ZPLkRCdR8WI1CRvHIvzNd8YXy1VtJZz,江夏银子,小心心,3,,,,,,,,,,
2025-09-16T21:28:27.338731,gift,,,,,MS4wLjABAAAACmW3t-nPbRkSFwPOBPumY--YX8g7Y4rQZycYDxZburg,🌈小LUO爱吃🍎🍎,人气票,1,,,,,,,,,,
2025-09-16T21:28:27.339507,message,MS4wLjABAAAAhesC4e78jd31Mrm0tCXlo-Wl4_HX3cPWVn0g45AQloH4A9Tm5pOqI_icIEnZx6Oi,庆森专业服装开袋加工,怎么感觉听起来怪怪的[微笑],,,,,,,,,,,,,,,
2025-09-16T21:28:27.951369,message,MS4wLjABAAAAEKvONApb4Q7h3d5x6MRN9Umxwh5aW1ewI-ARy7t7ITqBpoXHFUc3eM2jpN845XAb,生生世世生生不息,2号这次比上次好,,,,,,,,,,,,,,,
2025-09-16T21:28:27.955440,follow,MS4wLjABAAAAl6vHQ-O_27XoqBjbMAU-inynE8OdMU13k_HifD1Qu_c,舒丽（罗）季泉护肤,,,,,,,,,,,,33163433,,,,
2025-09-16T21:28:27.955512,gift,,,,,MS4wLjABAAAANqWNxI0rcnk0ZWA2oJlgyAn6K_6YMOIRsbyhgT49x7k,孙俊高,人气票,1,,,,,,,,,,
2025-09-16T21:28:27.955575,gift,,,,,MS4wLjABAAAAXR4BgUmHNFzFJcwtXvO_KkSngDuY5OYZIB9kQfCg3Ws,💋霸道的温柔,点亮粉丝团,1,,,,,,,,,,
2025-09-16T21:28:27.955614,message,MS4wLjABAAAA8TTh-eRMoyZC11H1tS0aYzqf7ej6UEnyIqN5FFyp70s,手握风云,[爱心][爱心][爱心],,,,,,,,,,,,,,,
2025-09-16T21:28:27.955648,message,MS4wLjABAAAAwFL4zFNPXytFZA0tcq6VUOipIcehkP4SNJCAyGZmdhI,南̶风̶♡̶,风韵犹存，好着呢,,,,,,,,,,,,,,,
2025-09-16T21:28:28.738508,enter,MS4wLjABAAAAiqAUOC1RSbm9crJ896b8SiGHzcMVtDlLst1nXKJrQ3w,杏子,,,,,,,,,,,378241,,,,,
2025-09-16T21:28:28.738591,enter,MS4wLjABAAAA8vvM76GAxfI89V7b0qNel99en8Im_HEz3TkC4lo95Yk,官,,,,,,,,,,,377035,,,,,
2025-09-16T21:28:28.738638,enter,MS4wLjABAAAASmdYm3okh5ZZSqPmW0nyMl6BZQyLvNHoFnmNOqlCjKU,＜＜X＞＞,,,,,,,,,,,375453,,,,,
2025-09-16T21:28:28.738719,gift,,,,,MS4wLjABAAAAtM4EJoyYuIcUvopBVKbmy-mOAPAlXp4nmQ9s4ZTkEJY,比我多,粉丝团灯牌,1,,,,,,,,,,
2025-09-16T21:28:28.738796,gift,,,,,MS4wLjABAAAAMUYk5dVi0Awz27k15nXTc-pw6x4CLDra6u_ARiyh1PE,糖🍬哥,人气票,1,,,,,,,,,,
2025-09-16T21:28:28.742487,gift,,,,,MS4wLjABAAAAtM4EJoyYuIcUvopBVKbmy-mOAPAlXp4nmQ9s4ZTkEJY,比我多,点亮粉丝团,1,,,,,,,,,,
2025-09-16T21:28:28.742565,enter,MS4wLjABAAAAy1BlX2Q6MF9HSlZoEX_IZu8qJMdHdRSmEvwrfot2TzhMlzl1eoQB3v-6-26sTMkb,草原雄鹰.,,,,,,,,,,,375453,,,,,
2025-09-16T21:28:28.742633,gift,,,,,MS4wLjABAAAAehRjvKddfv-Mjh_-T3OT-KIVsRHAktEIbeMw-RJsKr7uoOEOkFaaysMEN-wLFAIt,港姐朱朱¹⁰¹⁷,小心心,501,,,,,,,,,,
2025-09-16T21:28:28.742710,enter,MS4wLjABAAAAVuwsk5iyN5hyvJIzse8YqgDz4ntBHCOiDT58C_sV9K0,拱手江山讨你欢,,,,,,,,,,,374178,,,,,
2025-09-16T21:28:28.742770,gift,,,,,MS4wLjABAAAAJkOHHGmasW48BWoJ4-bl2af-jqhNCMWL9xU9mq7Zaz9KTHOjzTX_zCsYbFjTA8H2,左瞳159937212,人气票,1,,,,,,,,,,
2025-09-16T21:28:28.742834,gift,,,,,MS4wLjABAAAA7cwpeuwKrA6AzxYlMT6ixnQp1nn-l3yb-VY43Han4IU,趙·宏建,玫瑰,1,,,,,,,,,,
2025-09-16T21:28:28.742896,gift,,,,,MS4wLjABAAAA7cwpeuwKrA6AzxYlMT6ixnQp1nn-l3yb-VY43Han4IU,趙·宏建,抖音,1,,,,,,,,,,
2025-09-16T21:28:28.742961,gift,,,,,MS4wLjABAAAAqI5F5l4t5jmT39A7r5XNMgwm-5yrjwfSoogTVM592VhV4ocWv8_uAIYsJuxFUK02,小司水电暖,小心心,1,,,,,,,,,,
2025-09-16T21:28:28.743030,gift,,,,,MS4wLjABAAAAwKtk3eto7aUXK23ZwEl0-WqsOJ9xpc30tSnAaBnTvN0,柔情💐似水🥀4457,小心心,43,,,,,,,,,,
2025-09-16T21:28:28.743094,gift,,,,,MS4wLjABAAAA-Tsj9_H694xzL74D7GWcC7pvG-YEopdJsW0PSC2Lt1vf5kkWVO_HKt_SNIVFA-gh,FCZLYJ[爱心],粉丝团灯牌,1,,,,,,,,,,
2025-09-16T21:28:28.745405,gift,,,,,MS4wLjABAAAACfb34XgppfhCP7hguo2onBF2EDbXyHsqhhU0jB480Qw,不 🌻期🌿而🌻遇,小心心,1,,,,,,,,,,
2025-09-16T21:28:29.353344,enter,MS4wLjABAAAAdoBz_1Tuzs1JdXabRAjMDfP7BX_9PIhpb5F_F093bPY,会飞的狼👀专业安装抗震支架,,,,,,,,,,,376250,,,,,
2025-09-16T21:28:29.353439,enter,MS4wLjABAAAA_iIVaNqeuZgdY3Cypmi4Di6vA3NeuPOFWmAj6OF8VhoHryb9_M37asyCiZqw1i_h,简单.,,,,,,,,,,,375453,,,,,
2025-09-16T21:28:29.353522,enter,MS4wLjABAAAAYcrygRzPYecCtKrVfowORnMq17Bf3tlL5e4Tp1o4-5A,沐遇💓清风,,,,,,,,,,,377035,,,,,
2025-09-16T21:28:29.353611,gift,,,,,MS4wLjABAAAA1qz-0jz1ett066gmFEkkEcQ4_QRUAEqwxmy4qAlJia0,沐 沐,粉丝团灯牌,1,,,,,,,,,,
2025-09-16T21:28:29.353688,enter,MS4wLjABAAAA4JiHPefUkOoBBrjDWH0H_3CfVoJQItDGLM_ZFslXixM,@琉璃の璀璨、,,,,,,,,,,,378241,,,,,
2025-09-16T21:28:29.353761,gift,,,,,MS4wLjABAAAAy_TsS7xAP6fMoxeP464m-F7A-BsI2DaD8FqD8HH6gE0,✨✨✨半生已过⭐⭐⭐,点亮粉丝团,1,,,,,,,,,,
2025-09-16T21:28:29.353850,gift,,,,,MS4wLjABAAAANCRMqmmL0_BR2Eoq92vUdifB_OJtOZ2IGHTSbrtbRjJaTmloxYmFvHnhk-Zo451s,@林时工,点亮粉丝团,1,,,,,,,,,,
2025-09-16T21:28:29.952265,gift,,,,,MS4wLjABAAAAGekoY6qLx0qsTGtdbDtGFQckYTzE_F2VbqXZO5zN9DyjBT9te4AmGc22JhU_fXiA,豆抖豆👿,点亮粉丝团,1,,,,,,,,,,
2025-09-16T21:28:29.952651,gift,,,,,MS4wLjABAAAAwKtk3eto7aUXK23ZwEl0-WqsOJ9xpc30tSnAaBnTvN0,柔情💐似水🥀4457,小心心,46,,,,,,,,,,
2025-09-16T21:28:29.955480,message,MS4wLjABAAAA1GW8E2C_-kQ_Om8oqFih5DncDvtOdcIlptORjBcH2sM,随心所欲,2222,,,,,,,,,,,,,,,
2025-09-16T21:28:29.955548,gift,,,,,MS4wLjABAAAAehRjvKddfv-Mjh_-T3OT-KIVsRHAktEIbeMw-RJsKr7uoOEOkFaaysMEN-wLFAIt,港姐朱朱¹⁰¹⁷,小心心,502,,,,,,,,,,
2025-09-16T21:28:29.955587,message,MS4wLjABAAAAENp467pB9EggOALhSd0Mkd_QnEHdL6zhxxQC9Ji3wk0,詹传勇,2号过,,,,,,,,,,,,,,,
2025-09-16T21:28:29.955619,message,MS4wLjABAAAA15SZNArFlk3urUS8JN5TJ7ggyuk3YxDNAnSF81DCDJQ,韩ྀఇ江孤影࿐,这个歌选对了,,,,,,,,,,,,,,,
2025-09-16T21:28:29.955649,message,MS4wLjABAAAAtwiT8N6iyGIMgJCAFK945O1-Ipv5tky4bQfKWbeS0NY,（颜）颜,可以进月赛,,,,,,,,,,,,,,,
2025-09-16T21:28:30.560910,enter,MS4wLjABAAAAG4iNkmKVQeqlTka1YRjr7SyrdDLxNuL_0WzZEA2Y0Fw,江,,,,,,,,,,,378241,,,,,
2025-09-16T21:28:30.561037,like,MS4wLjABAAAAQp_BGWvt8xadM-06UzZeGO6PAM_IR0E7fDzDmd8mPJcy48EwCrk-jelxNsFEPDMo,川上酷子,,,,,,,,,27,10449603,,,,,,
2025-09-16T21:28:30.561098,enter,MS4wLjABAAAAw_JSMb1g8ameDT2hFSLiHtfQWjU0JTNurFO0CgEeSyc,快乐人生,,,,,,,,,,,377035,,,,,
2025-09-16T21:28:30.561157,enter,MS4wLjABAAAALEfYhiYj84SWAEtc-33hQWssumtYvjcnlD93QD0hYDs,一生平安¥¥¥¥¥¥,,,,,,,,,,,374807,,,,,
2025-09-16T21:28:30.561264,gift,,,,,MS4wLjABAAAA8TRJNjIwz15908gIzCOrnwSa_UE_Q6-hi_HtDUeJUBc,启元.,小心心,2,,,,,,,,,,
2025-09-16T21:28:30.563551,enter,MS4wLjABAAAA3NLaC-j6DTm7pVvFTOXoCxJ8cPVopGxUwdki-t45zWU,再想中,,,,,,,,,,,376250,,,,,
2025-09-16T21:28:30.563599,enter,MS4wLjABAAAAbb3wEt5ObNoxdKGiikJ9QVeMYySOSUbmc_i_eFJy8cU,默默,,,,,,,,,,,377035,,,,,
2025-09-16T21:28:30.563664,gift,,,,,MS4wLjABAAAA67ol0fKUjLSGGUBQyBUhuQoTeMN7Tr-vQtPZKDryEi0,专业高铁高速电缆沟路面,你最好看,1,,,,,,,,,,
2025-09-16T21:28:30.563736,gift,,,,,MS4wLjABAAAAwKtk3eto7aUXK23ZwEl0-WqsOJ9xpc30tSnAaBnTvN0,柔情💐似水🥀4457,小心心,51,,,,,,,,,,
2025-09-16T21:28:30.563804,gift,,,,,MS4wLjABAAAAehRjvKddfv-Mjh_-T3OT-KIVsRHAktEIbeMw-RJsKr7uoOEOkFaaysMEN-wLFAIt,港姐朱朱¹⁰¹⁷,小心心,503,,,,,,,,,,
2025-09-16T21:28:30.563861,gift,,,,,MS4wLjABAAAADA6n7O2RPnvz8RKP_eN8eRxNTNcOix55_ZPLkRCdR8WI1CRvHIvzNd8YXy1VtJZz,江夏银子,小心心,3,,,,,,,,,,
2025-09-16T21:28:30.563910,gift,,,,,MS4wLjABAAAAT-wZ7I9-NSKeo0yZ3Mr43mem2i1EmmQdhyRuqtRuVos,陈冠鱼***,为你闪耀,1,,,,,,,,,,
2025-09-16T21:28:30.563954,gift,,,,,MS4wLjABAAAA9PUH12hOBYghQNV5o4hdvFPNJ7G1s5k9Bw3l8eUfjIe0eTyF--iBZzyVmaO3ZZiZ,友情爱情,点亮粉丝团,1,,,,,,,,,,
2025-09-16T21:28:30.564009,message,MS4wLjABAAAAKG7mhzzRWwWuFy_Q1LSBcsmGD_Rc15ZTa05bd2FHGFA,小雨麻麻,优秀优秀[666][666][666][666][666][666][666][666][666][666][666][666][666],,,,,,,,,,,,,,,
2025-09-16T21:28:31.355620,follow,MS4wLjABAAAAKBJO-8xw27NJK3325OPTxRy4RYCoFemlCcWSvU3PkS4,用户1985695018369,,,,,,,,,,,,33163434,,,,
2025-09-16T21:28:31.358386,enter,MS4wLjABAAAATUZAffCO0q3DEd5fv2qhGwJiIf-rBJSFX14eKYeq-g3hsgwSsA_RFZwQ4PTsHY_7,幸福快乐,,,,,,,,,,,375453,,,,,
2025-09-16T21:28:31.358474,gift,,,,,MS4wLjABAAAACFI8pY46is5YUc3w6fXm54ffDNigzSOSTKFXfRcpQGs,泸西不倒翁瓷砖（然然）,人气票,4,,,,,,,,,,
2025-09-16T21:28:31.358587,gift,,,,,MS4wLjABAAAApexg97YKvwR-J9CyKWnGMxk2Oi-QueF09I4h4pcKE7PGio2ylcY4h5DUR4_WUerA,用户8731675885552,人气票,1,,,,,,,,,,
2025-09-16T21:28:31.358630,enter,MS4wLjABAAAAMTh7LO9gFBeyxvYoEgIc9LCQH48FhU7XkeRNm99bQ6k,等那一天,,,,,,,,,,,374807,,,,,
2025-09-16T21:28:31.358675,gift,,,,,MS4wLjABAAAAFwBqzhAy-EGJj9bxdEVcOufgnukV__f8Q4i_4jxKM8U,那片海,粉丝团灯牌,1,,,,,,,,,,
2025-09-16T21:28:31.358713,enter,MS4wLjABAAAAr5OhP2F2yvzyQJ5doVIpn7qIN6ISkrLukBuc4y3l2y4,北郊猴哥,,,,,,,,,,,378241,,,,,
2025-09-16T21:28:31.358746,enter,MS4wLjABAAAABsk5G8_5eqMeu6Tx9aX70gekeGZjXNPi-KtKiXS4lyY,(空'◡'白),,,,,,,,,,,377035,,,,,
2025-09-16T21:28:31.358792,gift,,,,,MS4wLjABAAAAwKtk3eto7aUXK23ZwEl0-WqsOJ9xpc30tSnAaBnTvN0,柔情💐似水🥀4457,小心心,54,,,,,,,,,,
2025-09-16T21:28:31.967041,room_stats,,,,,,,,,,,,,,,10万+,10万+,10万+在线观众,378574
2025-09-16T21:28:31.967286,gift,,,,,MS4wLjABAAAAehRjvKddfv-Mjh_-T3OT-KIVsRHAktEIbeMw-RJsKr7uoOEOkFaaysMEN-wLFAIt,港姐朱朱¹⁰¹⁷,小心心,504,,,,,,,,,,
2025-09-16T21:28:31.968156,gift,,,,,MS4wLjABAAAANA52PzZVbOF5966RunNATp4KgFTNrQRv15qxh7TlvvA,꧁💞張家大姐💞꧂,玫瑰,1,,,,,,,,,,
2025-09-16T21:28:31.968186,gift,,,,,MS4wLjABAAAACmW3t-nPbRkSFwPOBPumY--YX8g7Y4rQZycYDxZburg,🌈小LUO爱吃🍎🍎,人气票,5,,,,,,,,,,
2025-09-16T21:28:31.968229,gift,,,,,MS4wLjABAAAAJkOHHGmasW48BWoJ4-bl2af-jqhNCMWL9xU9mq7Zaz9KTHOjzTX_zCsYbFjTA8H2,左瞳159937212,人气票,1,,,,,,,,,,
2025-09-16T21:28:31.968267,message,MS4wLjABAAAAPd3bTB7zQvAbSv35u7WJ2vBfh1YMVZnYJpV2ixkHC1c,ℒᎭℯ⃝慧姐᭄💞⁵²º࿐,车车要团灭,,,,,,,,,,,,,,,
2025-09-16T21:28:31.968311,gift,,,,,MS4wLjABAAAAFQoYPurEkxbL4Jk6JBVU1XbOmdOh3ZSUOBfQZEiQXxE,？,棒棒糖,1,,,,,,,,,,
2025-09-16T21:28:31.968343,message,MS4wLjABAAAAq_ikpyKaeo8nOtTr1BfBMw9Mv7-6eNo8WUgr1MtWl7U,神秘花裤衩,掉了,,,,,,,,,,,,,,,
2025-09-16T21:28:31.968371,follow,MS4wLjABAAAAEAAsVr8S8PYHqJaFjAEvDLzXTitZMX8TmFZPMzSFdz9PpWqO9L_AYkDS4Gn5q94W,用户2296567036624,,,,,,,,,,,,33163435,,,,
2025-09-16T21:28:32.590487,enter,MS4wLjABAAAAxLp5CnYJYB1cZ6PfKZ4_EP-9LREiS-qzfIA8uM0efLg,雲夢668,,,,,,,,,,,376250,,,,,
2025-09-16T21:28:32.590588,enter,MS4wLjABAAAA7nFYLpRq_bROS-vrq48f8wuG_6Xg-wICkJAA6aOaoUE,简单一些,,,,,,,,,,,376250,,,,,
2025-09-16T21:28:32.590733,gift,,,,,MS4wLjABAAAA4h0BjOTSV2FUxL5TxbCN21Av0of15X9ACMkS1P6DUPo,酒馆,为你闪耀,1,,,,,,,,,,
2025-09-16T21:28:32.592679,gift,,,,,MS4wLjABAAAAGekoY6qLx0qsTGtdbDtGFQckYTzE_F2VbqXZO5zN9DyjBT9te4AmGc22JhU_fXiA,豆抖豆👿,点亮粉丝团,1,,,,,,,,,,
2025-09-16T21:28:32.592742,enter,MS4wLjABAAAAynvievlno-CfeW4AQ5_E0CvI39kEsz6-wTwl-TZdCAA,天龙,,,,,,,,,,,378241,,,,,
2025-09-16T21:28:32.592789,enter,MS4wLjABAAAAa4n7qTsy43hVLsGSiAOVpnQU00k_8iBY00nrE7t_-l4,自由人（不自由）,,,,,,,,,,,376250,,,,,
2025-09-16T21:28:32.592843,gift,,,,,MS4wLjABAAAANCRMqmmL0_BR2Eoq92vUdifB_OJtOZ2IGHTSbrtbRjJaTmloxYmFvHnhk-Zo451s,@林时工,点亮粉丝团,1,,,,,,,,,,
2025-09-16T21:28:32.592912,gift,,,,,MS4wLjABAAAAvMOJAVle5-zRpW0kJwJpfuH6CQw0nvwaRGt-E7rvpb4,柚柚平安⁴¹⁶,点亮粉丝团,1,,,,,,,,,,
2025-09-16T21:28:32.592966,gift,,,,,MS4wLjABAAAAN2lAto0BU3--TlqawAJGYfqCwnwp8RqL2nhSl7Cqr_ZB-BDY0MtS-4-o5jAql4WN,那个男人👦,点亮粉丝团,1,,,,,,,,,,
2025-09-16T21:28:32.593018,gift,,,,,MS4wLjABAAAA-GdyEQ785reh3bz7h9pHG6rjc3yFF-6W-ADE054T0Wo,看世界鱼🐟鱼🐟🐟,小心心,5,,,,,,,,,,
2025-09-16T21:28:32.593070,gift,,,,,MS4wLjABAAAAS4bINDPDFTIlsT3yieygqsILmwOZ-qoK0asdGIjwanE,ℒℴѵℯ·不忘💞初心·ꦿ໊ོ,粉丝团灯牌,1,,,,,,,,,,
2025-09-16T21:28:32.593120,gift,,,,,MS4wLjABAAAAehRjvKddfv-Mjh_-T3OT-KIVsRHAktEIbeMw-RJsKr7uoOEOkFaaysMEN-wLFAIt,港姐朱朱¹⁰¹⁷,小心心,505,,,,,,,,,,
2025-09-16T21:28:32.593161,enter,MS4wLjABAAAAlSQZjnuvegkMZQulPpOM83sjhQNi-gI79rgamm4t4tA,祥AxiangGe,,,,,,,,,,,377035,,,,,
2025-09-16T21:28:32.595001,message,MS4wLjABAAAARrhFnzKRX1_O7RpYM7pfk-Jhb4yoZgRQpZh9g_TbZrAbjEOaaJbseRRjqN19HVnl,深夜的酒1909,感觉要团灭了,,,,,,,,,,,,,,,
2025-09-16T21:28:32.595044,message,MS4wLjABAAAAeYmb9OHwLSD7EqVyNHIorOf5rH2fujqu6gxFUFHkSFGMIhAYAHUbFcqKKNMkilGb,౪ᩚᐝʚ依然ɞ࿐,[比心][比心][比心],,,,,,,,,,,,,,,
2025-09-16T21:28:32.595175,message,MS4wLjABAAAAkHu4tJl1mO9At0sOfNnUUOI2Fj2C1ApexnH9Qil7_KTqQ2bqvldfeyiu7PIFHfIU,风趣，浪漫的米沙爷爷,都🤷够月赛,,,,,,,,,,,,,,,
2025-09-16T21:28:32.595229,gift,,,,,MS4wLjABAAAA9YCB4IOQ1lEeL366mIx5dwbydH6NSJjwDJvg37CBavk,泡泡(๑•̀ㅂ•́)و✧,点亮粉丝团,1,,,,,,,,,,
2025-09-16T21:28:33.371461,follow,MS4wLjABAAAAiFPI04n2DqdG3pBL1ZUCpki6B_kTi5e2nfrqBOjiHmU,消消乐,,,,,,,,,,,,33163434,,,,
2025-09-16T21:28:33.371524,like,MS4wLjABAAAA-pslWCLNAS4dXvLMTdMOq9XPXqOL_H1nYiDm2AErGug,阿坤科技,,,,,,,,,18,10453490,,,,,,
2025-09-16T21:28:33.371552,enter,MS4wLjABAAAAJKlQa50yDHUSUf22QLFeg__siXZSSQyUxrYbfu4bVUQ,路过的风,,,,,,,,,,,376250,,,,,
2025-09-16T21:28:33.371676,gift,,,,,MS4wLjABAAAAQYBfbdWp4tBOH30TlUSWUnFjeOpKAme5WjkekCvYLXI,胖哥666,点亮粉丝团,1,,,,,,,,,,
2025-09-16T21:28:33.371784,enter,MS4wLjABAAAAeCBnQ9XopVL6980o46cTRP-nHE8csl8AjsghsPZNiZk,谈笑间五谷渔粉,,,,,,,,,,,375453,,,,,
2025-09-16T21:28:33.371889,gift,,,,,MS4wLjABAAAA67ol0fKUjLSGGUBQyBUhuQoTeMN7Tr-vQtPZKDryEi0,专业高铁高速电缆沟路面,你最好看,1,,,,,,,,,,
2025-09-16T21:28:33.374400,enter,MS4wLjABAAAAOXVZZme5eVkZjgfijaHkX9ug2hQapFWuGI2REPeg7po,用户4947506260335,,,,,,,,,,,375453,,,,,
2025-09-16T21:28:33.374446,gift,,,,,MS4wLjABAAAAESCWhYyPNhTgXPJtOR-cB2JS1R68xKA5rVZ1HztvNggHI-TrWPDHo1oMbCxncOZa,家有仨娃,点亮粉丝团,1,,,,,,,,,,
2025-09-16T21:28:33.374474,enter,MS4wLjABAAAAYuHeZicH4T26NkWdu3qFJS0Y3-_PPT2OxUNaPTiRYMk,燕窝山庄,,,,,,,,,,,378843,,,,,
2025-09-16T21:28:33.975051,gift,,,,,MS4wLjABAAAAwKtk3eto7aUXK23ZwEl0-WqsOJ9xpc30tSnAaBnTvN0,柔情💐似水🥀4457,小心心,65,,,,,,,,,,
2025-09-16T21:28:33.975239,gift,,,,,MS4wLjABAAAAhpnzAPDTEjuWJB4Or5TUaRTJIJwk0c0zS8HbCPMJ0PY,我还是曾经那个少年。,点亮粉丝团,1,,,,,,,,,,
2025-09-16T21:28:33.975284,gift,,,,,MS4wLjABAAAAa5xZnDgGX3bUOo_PFGiC5TQQLCm2rE8_3439L1esLyk,完美的每一天797,点亮粉丝团,1,,,,,,,,,,
2025-09-16T21:28:33.975316,gift,,,,,MS4wLjABAAAAehRjvKddfv-Mjh_-T3OT-KIVsRHAktEIbeMw-RJsKr7uoOEOkFaaysMEN-wLFAIt,港姐朱朱¹⁰¹⁷,小心心,506,,,,,,,,,,
2025-09-16T21:28:33.975343,message,MS4wLjABAAAAEkQOClu0UmPQ3K6BR9euILoaw8-Nkws1vjgb1Ctu0QY,.。,车车唱空心,,,,,,,,,,,,,,,
2025-09-16T21:28:33.975371,gift,,,,,MS4wLjABAAAACFI8pY46is5YUc3w6fXm54ffDNigzSOSTKFXfRcpQGs,泸西不倒翁瓷砖（然然）,人气票,9,,,,,,,,,,
2025-09-16T21:28:33.975392,message,MS4wLjABAAAAJwJD1EBw4MCYYlKm_R2L0QnoAKItVwJ-sS-RhLu5VPI,闫姐,大美女唱歌也甜蜜,,,,,,,,,,,,,,,
2025-09-16T21:28:33.976918,message,MS4wLjABAAAAKw8dC_ntRXmfq1O3wW0OImZ4ovWN9Gd9cS6gktyij1Q,优娱,好听[赞],,,,,,,,,,,,,,,
2025-09-16T21:28:33.976953,gift,,,,,MS4wLjABAAAA9PUH12hOBYghQNV5o4hdvFPNJ7G1s5k9Bw3l8eUfjIe0eTyF--iBZzyVmaO3ZZiZ,友情爱情,点亮粉丝团,1,,,,,,,,,,
2025-09-16T21:28:33.976987,gift,,,,,MS4wLjABAAAAK_pO_Wqo9lHTC742vzI1Y0a_6tknUK-rmF2Qay-jXWQ,啊祥,点亮粉丝团,1,,,,,,,,,,
2025-09-16T21:28:33.977015,message,MS4wLjABAAAA9xDWNVBDN8KYO-hc2cVqaG1nmVDxxMOGUx4YGRCPLCU,阿锋,这种歌能比赛吗,,,,,,,,,,,,,,,
2025-09-16T21:28:33.977047,follow,MS4wLjABAAAAoxMZlZkvuf79QH5gzwYF5DPLJtnqYB8tTQvcFwGd2jA,晨,,,,,,,,,,,,33163435,,,,
2025-09-16T21:28:34.582716,enter,MS4wLjABAAAAcZl8wLJQ9Db9lNDCtFiILmwclHaiNxbYVVMQu9WBmo0,爱的抱抱,,,,,,,,,,,374178,,,,,
2025-09-16T21:28:34.582760,enter,MS4wLjABAAAAb2riaWRmIfy9VbDxchYxmz3WKPaxhBcwj4B9Sk3h03U,❤～虎子,,,,,,,,,,,376250,,,,,
2025-09-16T21:28:34.582809,gift,,,,,MS4wLjABAAAAehRjvKddfv-Mjh_-T3OT-KIVsRHAktEIbeMw-RJsKr7uoOEOkFaaysMEN-wLFAIt,港姐朱朱¹⁰¹⁷,小心心,507,,,,,,,,,,
2025-09-16T21:28:34.582840,gift,,,,,MS4wLjABAAAAoPKnEt5qZv-g7NclVWdCHcZ0xV4A2HCio4ubPQ8pkVo,汉子男,为你闪耀,1,,,,,,,,,,
2025-09-16T21:28:34.582860,enter,MS4wLjABAAAAfaQiKmSdn2W7nMbFWjn7JGJiGKxM_rXwciP8fomWavI,义博-系统剪发教学（丝月）,,,,,,,,,,,378843,,,,,
2025-09-16T21:28:34.584208,gift,,,,,MS4wLjABAAAAJX7L4rwMdoqHOlmhnniy-hLvNg5Xr5gR6eRiiL9hhY0,龙先生,点亮粉丝团,1,,,,,,,,,,
2025-09-16T21:28:34.584303,gift,,,,,MS4wLjABAAAABOLTgG3IXBI8RodDXLfHH0_ZA9t_a2j6WUdCaUAXLYH8Vu2LwH_r_Z8rrmpATrPS,流浪,棒棒糖,1,,,,,,,,,,
2025-09-16T21:28:34.584365,enter,MS4wLjABAAAAqg4ZO8DF81_Qm-0oVuXRNttIqsP5QX8_3jz8_DRAbG4,坏脾气💪,,,,,,,,,,,374178,,,,,
2025-09-16T21:28:34.584419,enter,MS4wLjABAAAAqfWQ_ADalSWyuhKrA-Q9BT46IPx1uv8AmJEAK1mFvbc,上善若水,,,,,,,,,,,377035,,,,,
2025-09-16T21:28:34.584751,gift,,,,,MS4wLjABAAAARk-Q-OCF72p5li1Bsq0ePCV6T4hGcoqZR5NwCjwqI_s,濞焱 消失,人气票,940,,,,,,,,,,
2025-09-16T21:28:34.584859,message,MS4wLjABAAAAP5K0tUY3_8zNCRMHEsuHWxsd_VfPU1VNAiA7vAPwlMg,๓♡🐰筱,这女的长得漂亮,,,,,,,,,,,,,,,
2025-09-16T21:28:34.584980,gift,,,,,MS4wLjABAAAAr_5RVyeSG_FF2fP4UYJZjw0ejxL2ZaC5YQRH52DFyAU,相信自己，永不言败,小心心,5,,,,,,,,,,
2025-09-16T21:28:34.585007,message,MS4wLjABAAAAto7XTZsnS062c5i2LHVELLe2cuPtPqk05jN1O2l-ID8,3分增长二十分,帮你，3分延时15分,,,,,,,,,,,,,,,
2025-09-16T21:28:34.585118,gift,,,,,MS4wLjABAAAATgIC8DAo0o9L-zttCOgLC3q2xEpmLH7GAfhVqc1BCCA,爱江山更爱美人,粉丝团灯牌,1,,,,,,,,,,
2025-09-16T21:28:34.585213,gift,,,,,MS4wLjABAAAAXkOiDsHKuK-Xe6_FKOyxEE9xQqnDFLZQ9C2k77uHuvc,半吊子,点亮粉丝团,1,,,,,,,,,,
2025-09-16T21:28:34.586787,gift,,,,,MS4wLjABAAAA32v5w4Senzq-j_OIPrClIfquPve_0f38zeu2h_eZT2k,小欣欣👧🏻❣️,人气票,1,,,,,,,,,,
2025-09-16T21:28:34.586809,message,MS4wLjABAAAAJzPEQGABnkPI8U4p9mQDvRtgnSy_8LPHOf0aAYwCOfs,用户946571436093,可以,,,,,,,,,,,,,,,
2025-09-16T21:28:35.189269,enter,MS4wLjABAAAAP5yPeYsvCf-Pljh3WWZwS9bjdqaG-dow0Y7HHGGRTqM,ღ西 西ღ,,,,,,,,,,,378843,,,,,
2025-09-16T21:28:35.189326,enter,MS4wLjABAAAAKSB5RS6-UNwCU59VshIKirmz7AbTT-saMdSLSZyFXLrbrAtDI8nrsSXxq0VwZaEP,晨宇😎,,,,,,,,,,,378241,,,,,
2025-09-16T21:28:35.189355,enter,MS4wLjABAAAAx8S3X0mrdX3hv911NBSOKh31z7MiEYMsjmDTGC920u0,化作春雨走向你,,,,,,,,,,,375453,,,,,
2025-09-16T21:28:36.014322,gift,,,,,MS4wLjABAAAAehRjvKddfv-Mjh_-T3OT-KIVsRHAktEIbeMw-RJsKr7uoOEOkFaaysMEN-wLFAIt,港姐朱朱¹⁰¹⁷,小心心,508,,,,,,,,,,
2025-09-16T21:28:36.014368,gift,,,,,MS4wLjABAAAA-GdyEQ785reh3bz7h9pHG6rjc3yFF-6W-ADE054T0Wo,看世界鱼🐟鱼🐟🐟,小心心,5,,,,,,,,,,
2025-09-16T21:28:36.014389,gift,,,,,MS4wLjABAAAAiTI8mpwYw9jnCTPjNeAM83GfndygAC7JSyfTDW7Bujd84L4he90JNrSH_eIM_Bca,雷家有子取名弦歌,大啤酒,1,,,,,,,,,,
2025-09-16T21:28:36.014407,gift,,,,,MS4wLjABAAAAHYZ14xWINpqzPi6Wgt6Q8X6pOqDJZMEgk0hbmZmrZ3M,₁⁴₅₂ₒ᭄໊໊໊醉温柔꧔ꦿ₁ᵌ,小心心,1,,,,,,,,,,
2025-09-16T21:28:36.014422,enter,MS4wLjABAAAAs66_TAR9jHJ8OrYWa8MhtRoQgTNDx6rhbK3h1PvC0rE,༄༅余生很暖༄༅,,,,,,,,,,,377035,,,,,
2025-09-16T21:28:36.017369,gift,,,,,MS4wLjABAAAA2yvOkEKfiOy5yd4bVTGfZG5kw56beBbSbW0SPZuTO6o,谷一灿,点亮粉丝团,1,,,,,,,,,,
2025-09-16T21:28:36.017399,message,MS4wLjABAAAArUvo8EABIa350UOWEB16cW-PrtLlNqXxOs-C7iQ63A7CgayDvJRPgBrhXC0ZYhtN,缘来,光头玉帝哥哥,,,,,,,,,,,,,,,
2025-09-16T21:28:36.017424,gift,,,,,MS4wLjABAAAAFYbg_0WbBwy-vMqHtFbmrOIAecxdaBmtQSDgPx30vDs,惠民鲜猪肉@梦梦,人气票,1,,,,,,,,,,
2025-09-16T21:28:36.017438,message,MS4wLjABAAAALkdTXNTLWoIKmgb6GK7I7_dalBvW9KLsqmZZ01ElH7aOIc6xOd18OunQd8vb-lh7,用户卫**,车车[赞],,,,,,,,,,,,,,,
2025-09-16T21:28:36.017448,message,MS4wLjABAAAA0KV0ps67OarEuB7gC0_JE2fv8AUGWXSMs7AIOzTeHqc,花果山老孙,好听[赞][赞][赞],,,,,,,,,,,,,,,
2025-09-16T21:28:36.606903,enter,MS4wLjABAAAAOIH_YxLAXsM_wsdezj8iPymt_LbM0ehyDoNyllc_Duu3nOxJ11jadYS3S6vYHAv4,秃头刘托尼,,,,,,,,,,,376250,,,,,
2025-09-16T21:28:36.606997,enter,MS4wLjABAAAAR9LniNIYuMSIDR4-Xz9pHVD4HQLx7GKe3si9J9sjiJE,李快许个愿,,,,,,,,,,,378843,,,,,
2025-09-16T21:28:36.607060,gift,,,,,MS4wLjABAAAAhpnzAPDTEjuWJB4Or5TUaRTJIJwk0c0zS8HbCPMJ0PY,我还是曾经那个少年。,点亮粉丝团,1,,,,,,,,,,
2025-09-16T21:28:36.607117,like,MS4wLjABAAAAt_1kN6A_gk1bzlSUywxCLk-vxdA2j3cZQ9EJ9PC6qNw5D-huX0qNrLnC-TRYGepm,工艺管道施工现场,,,,,,,,,30,10457577,,,,,,
2025-09-16T21:28:36.607150,enter,MS4wLjABAAAAmG5YZrAdYBLqQh2cgWqWQogZNcU0Qs8fhjgWJkHZG3o,双姐,,,,,,,,,,,378241,,,,,
2025-09-16T21:28:36.609802,enter,MS4wLjABAAAAlUtMT9nSiB-Ry7-0tfkNynpVL_tq3ZLlIhatfOZdhmY,奋斗的人生,,,,,,,,,,,377035,,,,,
2025-09-16T21:28:36.609833,enter,MS4wLjABAAAAtZCU73Q4FrvGj5MQVsvmodxNlZOVmod0JLCpAUgqMZyT7sd9GpvifrzmvL-P9piF,风波浪里,,,,,,,,,,,375453,,,,,
2025-09-16T21:28:36.609856,gift,,,,,MS4wLjABAAAAQYBfbdWp4tBOH30TlUSWUnFjeOpKAme5WjkekCvYLXI,胖哥666,点亮粉丝团,1,,,,,,,,,,
2025-09-16T21:28:36.609877,gift,,,,,MS4wLjABAAAAX_QBnWLsau7csrkAzrolYl0kL9uGxf2qkqyb0DTxtWs,家和万事兴2281409772750,点亮粉丝团,1,,,,,,,,,,
2025-09-16T21:28:36.609898,gift,,,,,MS4wLjABAAAA4WKg-xPxZegJrDS__NvdFnUf8CPLRF2-oQZauEsK1mo,小义,粉丝团灯牌,1,,,,,,,,,,
2025-09-16T21:28:36.609918,gift,,,,,MS4wLjABAAAAtRN4UdFZPcbM9VpijUWxH3dQPHXblw-ZypwVf-4Jnw0Rpaf6zvxNOMcnaWyvookW,M…,小心心,1,,,,,,,,,,
2025-09-16T21:28:36.609938,gift,,,,,MS4wLjABAAAAHVIY3b_VTJc8IA77UHVQTujkaRBRH1t70w1BI_jK-Pk,兰州鑫达盛护栏厂,玫瑰,343,,,,,,,,,,
2025-09-16T21:28:36.609957,gift,,,,,MS4wLjABAAAAehRjvKddfv-Mjh_-T3OT-KIVsRHAktEIbeMw-RJsKr7uoOEOkFaaysMEN-wLFAIt,港姐朱朱¹⁰¹⁷,小心心,509,,,,,,,,,,
2025-09-16T21:28:36.609973,gift,,,,,MS4wLjABAAAA06GaJjKDrfkwrmJzfEwONZRF81YFbl4sueVGbAHdT_Y,梦回大唐,点亮粉丝团,1,,,,,,,,,,
2025-09-16T21:28:36.609989,gift,,,,,MS4wLjABAAAA2pdH0lGPQYRR6JGqIxDIKTOgQqb6Atw2kNnSscdNkvo,单身一人,你最好看,1,,,,,,,,,,
2025-09-16T21:28:36.611134,message,MS4wLjABAAAApK7b3dcv0kwYVkNcVk1SdQY81gIOX6bkJrjYJ3oSemQ,韩啦啦,长相漂亮，性格也好，唱歌欠火候,,,,,,,,,,,,,,,
2025-09-16T21:28:36.611149,message,MS4wLjABAAAA4zKwXRHcL2QrmsC7vIpsUHxcSqtHArCam8dpv1qZUEs,日鬼倒棒锤,光头起干了,,,,,,,,,,,,,,,
2025-09-16T21:28:36.611205,gift,,,,,MS4wLjABAAAA1GDfBFQA5U0R9kSLapiD14lfAjpHA1KRj-UukrgxQZQ,战,人气票,1,,,,,,,,,,
2025-09-16T21:28:36.611233,gift,,,,,MS4wLjABAAAAK_pO_Wqo9lHTC742vzI1Y0a_6tknUK-rmF2Qay-jXWQ,啊祥,点亮粉丝团,1,,,,,,,,,,
2025-09-16T21:28:37.195568,follow,MS4wLjABAAAA0ff2T2LjVXvcUp4hTocl22BGyj7cujFlbD_Gvk9M_9k,兰花学徒,,,,,,,,,,,,33163435,,,,
2025-09-16T21:28:37.195614,enter,MS4wLjABAAAAtsWKYCxJLUY77BX9eVKl-RQYjKwg01iOvN2Vh8zvU2E,雨过天晴,,,,,,,,,,,376250,,,,,
2025-09-16T21:28:37.195640,enter,MS4wLjABAAAA2R2lZRBGvgC3yWfKPkheeDw8TQkxCmadGSgKK5aadI0,凳子。,,,,,,,,,,,377035,,,,,
2025-09-16T21:28:37.195663,enter,MS4wLjABAAAAFg_wu7uHSm4AmJB0JiZIBvvlAM19JaVVgw3bG_K7oc0,曲沃小马哥,,,,,,,,,,,378843,,,,,
2025-09-16T21:28:37.195695,gift,,,,,MS4wLjABAAAABOLTgG3IXBI8RodDXLfHH0_ZA9t_a2j6WUdCaUAXLYH8Vu2LwH_r_Z8rrmpATrPS,流浪,棒棒糖,1,,,,,,,,,,
2025-09-16T21:28:37.195722,enter,MS4wLjABAAAAytXBXqy-T58xvL9F2EvXLEno1EvXFMWZ8LbN8dSsaGT6PE7cKQbXk6gZXhihfsxZ,迷茫的生活,,,,,,,,,,,377035,,,,,
2025-09-16T21:28:37.197553,gift,,,,,MS4wLjABAAAALRQXShfF-6FdqIOCi4rPUFnwaUO_aFv9TnbCV1B4A50,漂泊的游子,小心心,1,,,,,,,,,,
2025-09-16T21:28:37.994584,room_stats,,,,,,,,,,,,,,,10万+,10万+,10万+在线观众,378294
2025-09-16T21:28:38.009329,gift,,,,,MS4wLjABAAAAbObsAYftRu_9OSsHkgYy9oD1UzjYXJmfieyqMsLKmEuTXntZ5yDbRl1I59l0CBTU,💦往后余生💦,粉丝团灯牌,1,,,,,,,,,,
2025-09-16T21:28:38.009365,message,MS4wLjABAAAAGVyBSWwdMRyeBvsOBVP-8TVw3vb5OiVi4tVB0bH5lOmat8vPRXUbkoBp67ApoX1x,**Fēi蜜**,云南第七,,,,,,,,,,,,,,,
2025-09-16T21:28:38.009394,gift,,,,,MS4wLjABAAAAI1FGRry0xhI412a9in83QsY8eto7DEkfcNbqBrlfxt4,一切顺利,粉丝团灯牌,1,,,,,,,,,,
2025-09-16T21:28:38.009421,gift,,,,,MS4wLjABAAAANqWNxI0rcnk0ZWA2oJlgyAn6K_6YMOIRsbyhgT49x7k,孙俊高,大啤酒,1,,,,,,,,,,
2025-09-16T21:28:38.009446,gift,,,,,MS4wLjABAAAAtRN4UdFZPcbM9VpijUWxH3dQPHXblw-ZypwVf-4Jnw0Rpaf6zvxNOMcnaWyvookW,M…,小心心,3,,,,,,,,,,
2025-09-16T21:28:38.009468,gift,,,,,MS4wLjABAAAAI1FGRry0xhI412a9in83QsY8eto7DEkfcNbqBrlfxt4,一切顺利,点亮粉丝团,1,,,,,,,,,,
2025-09-16T21:28:38.009490,gift,,,,,MS4wLjABAAAAcFb-FA0BLwwTqiHdu2uVE1lalAgz4fKhUAAsM7hMOFg,丁,粉丝团灯牌,1,,,,,,,,,,
2025-09-16T21:28:38.009516,gift,,,,,MS4wLjABAAAAehRjvKddfv-Mjh_-T3OT-KIVsRHAktEIbeMw-RJsKr7uoOEOkFaaysMEN-wLFAIt,港姐朱朱¹⁰¹⁷,小心心,510,,,,,,,,,,
2025-09-16T21:28:38.011289,gift,,,,,MS4wLjABAAAABcYbjKj6dawApEBeHoY3RhmMDvPgFxJVfpSL3Xe_6X8,ViVi（拒绝私聊）,点亮粉丝团,1,,,,,,,,,,
2025-09-16T21:28:38.011310,message,MS4wLjABAAAAJbX-eaSEawC26Lg-3H_dMQUxSpnkg589WfWyeTP3IzHNEF4g5O6JbDNLBB8KBLRZ,志同道合,222222222。好听,,,,,,,,,,,,,,,
2025-09-16T21:28:38.011326,message,MS4wLjABAAAASDyIdaRhXP_NEuw5TUqnMSbP_QMKaPiR3FLED-2L2Ps,mw为,小光头优秀,,,,,,,,,,,,,,,
2025-09-16T21:28:38.608488,enter,MS4wLjABAAAAE9dtuGVBhNRQROu1vBnKf8lErTmlymrC-1JeTBFqNHQ,刘艳红做平车拷边加工专业靠垫，枕头，毯子,,,,,,,,,,,376250,,,,,
2025-09-16T21:28:38.608549,enter,MS4wLjABAAAA3LBPqB-LVZzlk9R_FV5zBcG-sZwE-f0ym1EfVqAMWLJk_g3TKIwKsQqRBiUCa4cu,陈秋,,,,,,,,,,,377035,,,,,
2025-09-16T21:28:38.608620,gift,,,,,MS4wLjABAAAAHYZ14xWINpqzPi6Wgt6Q8X6pOqDJZMEgk0hbmZmrZ3M,₁⁴₅₂ₒ᭄໊໊໊醉温柔꧔ꦿ₁ᵌ,小心心,1,,,,,,,,,,
2025-09-16T21:28:38.608672,enter,MS4wLjABAAAAubC1-o1KSu0x_z1VfYCjMJ5rbvsb4cpwdyZQ4rB8GJg,木子十三,,,,,,,,,,,377035,,,,,
2025-09-16T21:28:38.608703,enter,MS4wLjABAAAA_HLEbV1G7zIq7xWSKhneZiRPU4SHWqTtH4he8VBIfek,@莉莉,,,,,,,,,,,375453,,,,,
2025-09-16T21:28:38.608732,enter,MS4wLjABAAAAwmO-AmgVEUKa5Ine14aunYYU01oXOMA5AfRH5rxduJc,生来平凡,,,,,,,,,,,376250,,,,,
2025-09-16T21:28:38.608787,gift,,,,,MS4wLjABAAAAlSQZjnuvegkMZQulPpOM83sjhQNi-gI79rgamm4t4tA,祥AxiangGe,粉丝团灯牌,1,,,,,,,,,,
2025-09-16T21:28:38.612160,gift,,,,,MS4wLjABAAAAiTI8mpwYw9jnCTPjNeAM83GfndygAC7JSyfTDW7Bujd84L4he90JNrSH_eIM_Bca,雷家有子取名弦歌,大啤酒,1,,,,,,,,,,
2025-09-16T21:28:38.612291,gift,,,,,MS4wLjABAAAAIm2HdxRL2jtKSGJ8dafByFe8cbeVWkx5qqqRIQPkHdw,一线达人,点亮粉丝团,1,,,,,,,,,,
2025-09-16T21:28:38.612344,gift,,,,,MS4wLjABAAAAHVIY3b_VTJc8IA77UHVQTujkaRBRH1t70w1BI_jK-Pk,兰州鑫达盛护栏厂,玫瑰,344,,,,,,,,,,
2025-09-16T21:28:38.612394,gift,,,,,MS4wLjABAAAAn2D7Mk-yLU1pzqCciGIn9Z7Zohc4Idx9PUSYQKRta0FJzC7Ii7H6IiBuyFUaWcL6,白富贵,人气票,1,,,,,,,,,,
2025-09-16T21:28:38.612468,message,MS4wLjABAAAA1O8Gdv_e7IJKkIGrU-D-96R8o74g1FHKhWT8zkO7Nhg,清香,唱的挺好,,,,,,,,,,,,,,,
2025-09-16T21:28:38.612530,gift,,,,,MS4wLjABAAAAYV19NF_uS-HtX9rBD-OZ63m3lCAUXwps93MCkCUPhhQ,董哥,棒棒糖,1,,,,,,,,,,
2025-09-16T21:28:38.612574,message,MS4wLjABAAAAYd9gNJxJ4MyGiUuIfdBtAMCvu3W0kv9eX8ejW1CT5e8,冰美式ღ,好听个求,,,,,,,,,,,,,,,
2025-09-16T21:28:39.206792,room_stats,,,,,,,,,,,,,,,10万+,10万+,10万+在线观众,378128
2025-09-16T21:28:39.207330,gift,,,,,MS4wLjABAAAAehRjvKddfv-Mjh_-T3OT-KIVsRHAktEIbeMw-RJsKr7uoOEOkFaaysMEN-wLFAIt,港姐朱朱¹⁰¹⁷,小心心,511,,,,,,,,,,
2025-09-16T21:28:39.207380,follow,MS4wLjABAAAATgDKTLqYN6A_ob689xpUxz0mZOwmmKZFu9IBdTGmNatGZjrCXnb7yCAsAmLHb2y5,小飞侠,,,,,,,,,,,,33163435,,,,
2025-09-16T21:28:39.210436,enter,MS4wLjABAAAAwg9fbJu48pBR_Pg7MJTItBU2INvd3lZfmKcrRagORN4,诗和远方,,,,,,,,,,,377035,,,,,
2025-09-16T21:28:39.210519,like,MS4wLjABAAAAxmh8aluvkoYHVJwO_x35dU3kdF0QXaFK05CNDg2dcFk,@云南伟哥,,,,,,,,,39,10461544,,,,,,
2025-09-16T21:28:39.210568,enter,MS4wLjABAAAASfEQqpC9KP2qXF4HkPYM10xuXbP2oTi6zhUC-hPnWT4,一缕清泉,,,,,,,,,,,375453,,,,,
2025-09-16T21:28:39.210633,gift,,,,,MS4wLjABAAAAjpQGrEerN4p1xwCY7zg7gguglfp3PaS43m_FqHcBWxQ,面对现实，过好每一天,人气票,1,,,,,,,,,,
2025-09-16T21:28:39.210677,enter,MS4wLjABAAAAviBilByrJEsq2QrDiilqG_YiyT6n60AkspwAOrpW1l9K8_AxR7Xp86zOulwYaVSt,云龙🐉,,,,,,,,,,,374807,,,,,
2025-09-16T21:28:39.210719,gift,,,,,MS4wLjABAAAAsc3oeUm8MvO6OV5jY26QE4JZcNFeXDf_J_niVKPkmDCwH0bD42d1tdQu92Bvfdo7,往事如烟。,粉丝团灯牌,1,,,,,,,,,,
2025-09-16T21:28:39.210762,gift,,,,,MS4wLjABAAAAalc0csHJ4qfh34XRCknjYxsRkDjRTrKkzyPnWGOR6GA,强哥,点亮粉丝团,1,,,,,,,,,,
2025-09-16T21:28:39.803778,gift,,,,,MS4wLjABAAAAjpQGrEerN4p1xwCY7zg7gguglfp3PaS43m_FqHcBWxQ,面对现实，过好每一天,小心心,2,,,,,,,,,,
2025-09-16T21:28:39.803878,enter,MS4wLjABAAAA0wmezgEbtXj9mQv8J7Rab1MmbfoZ2wwMpWdHPWBVxgA,明,,,,,,,,,,,376250,,,,,
2025-09-16T21:28:39.803939,gift,,,,,MS4wLjABAAAAU5wGal2HxxBYPnzYKBPrbWDA-NFdSzXgOAvIXtLEebVS91N3qb9DkcekRoBIbhW3,燕姐朋友圈,人气票,2,,,,,,,,,,
2025-09-16T21:28:39.807945,gift,,,,,MS4wLjABAAAASvmBvVZwzvKMa4QsdAb5TjXjH8uXa1Mhd4ZmAiDWc9Y,谁都不爱,人气票,1,,,,,,,,,,
2025-09-16T21:28:39.808016,gift,,,,,MS4wLjABAAAAfVm5dnhxyfUVrRJo3HNhabD6x7DzCdCYmHtQRb9NIVIDj8C0_5uyJ1V_9rSXPwIC,用户6075253863827,大啤酒,1,,,,,,,,,,
2025-09-16T21:28:39.808062,message,MS4wLjABAAAAVYKQNCBLUt7wJ05BdCQ4YMTLj-tzARDIJyZ1wFqjRYk,艮不为良,可以,,,,,,,,,,,,,,,
2025-09-16T21:28:39.808098,message,MS4wLjABAAAAZ-YE2eV97VWmgYNAMACsRmNVZ85BBXNlrNOXEk7LJ1o,啊宝,[比心][比心],,,,,,,,,,,,,,,
2025-09-16T21:28:39.808147,gift,,,,,MS4wLjABAAAAxltrWenT7BuJDh0yG6Knk9-CKtuGGyewKneVT-ehm10,💋💋Sherry,小心心,1,,,,,,,,,,
2025-09-16T21:28:39.808193,gift,,,,,MS4wLjABAAAADkzUpn3XE_mnRI8JDTI23ciFBFAGoKHogdERTokeZn0,妞妞,小心心,1,,,,,,,,,,
2025-09-16T21:28:39.808305,gift,,,,,MS4wLjABAAAAehRjvKddfv-Mjh_-T3OT-KIVsRHAktEIbeMw-RJsKr7uoOEOkFaaysMEN-wLFAIt,港姐朱朱¹⁰¹⁷,小心心,512,,,,,,,,,,
2025-09-16T21:28:39.808374,enter,MS4wLjABAAAAUnpiNlu1cELnua3gR42wuwmcFqrrt04QoNmZdK66tc4,好人一生平安,,,,,,,,,,,378241,,,,,
2025-09-16T21:28:40.605318,room_stats,,,,,,,,,,,,,,,10万+,10万+,10万+在线观众,378294
2025-09-16T21:28:40.621169,enter,MS4wLjABAAAAKVab0JKqK22H4vlL4IA1iRqto9NfRUUl-W2ZEabzYEc,李先生的春夏秋冬i,,,,,,,,,,,378843,,,,,
2025-09-16T21:28:40.625141,enter,MS4wLjABAAAAEDMcQkv22fzIRbTBPc6qAxwI9FsUd8ziOb441B0GQb4,米哥,,,,,,,,,,,378843,,,,,
2025-09-16T21:28:40.625201,enter,MS4wLjABAAAAulALxyihN0ZF5FS_KLdRbdtk-Zr0IvscY3MU7gmBOJ-KOVZXfNCMaZ6lVhx6L1p1,风雨无阻,,,,,,,,,,,378843,,,,,
2025-09-16T21:28:40.625247,gift,,,,,MS4wLjABAAAAfuRkKYrotGGAerHy1R7kUmLs9sTWDu6eFRzcSO_tSro,辰阳建设,人气票,1,,,,,,,,,,
2025-09-16T21:28:40.625318,gift,,,,,MS4wLjABAAAA-W03qSzIXWH49q5TFLukEI-PiXz1d14Ddu7ZcNmbS8X_qwo4E5E_7CVsGT3ZO3o7,云天,小心心,1,,,,,,,,,,
2025-09-16T21:28:40.625370,gift,,,,,MS4wLjABAAAAqTKZOTbH-QTwDZOx8SxGlVMVpMFnhRrqlXl4XpvIjf8,长发飘飘女汉子,点亮粉丝团,1,,,,,,,,,,
2025-09-16T21:28:40.625407,enter,MS4wLjABAAAANSng9D5dZjRgshfBPdncnqzSxvGFttm_-FrXpdRdhdg,天圆地方,,,,,,,,,,,379203,,,,,
2025-09-16T21:28:40.625436,enter,MS4wLjABAAAAuP6Z_qePBi7um2UWsjXQwjkMFE1_uYlxeXjROqNZqns,洪红火火,,,,,,,,,,,378843,,,,,
2025-09-16T21:28:40.625473,gift,,,,,MS4wLjABAAAALRQXShfF-6FdqIOCi4rPUFnwaUO_aFv9TnbCV1B4A50,漂泊的游子,小心心,1,,,,,,,,,,
2025-09-16T21:28:40.625507,message,MS4wLjABAAAAvgxTClMWGi4JDL-DJ_Gshk209M5YfQIUdvxrnu-zdkej7O2ssC33trhPJ2J60_2D,从头再来,车车高光时刻到了,,,,,,,,,,,,,,,
2025-09-16T21:28:40.625547,gift,,,,,MS4wLjABAAAAVw3yRSTwHWGAulU1NwJgfF-pQahfjD1lZxG3W5kUKQ3H_y_amABsHYa0P4jZ4w3E,蹲在墙角数蚂蚁,粉丝团灯牌,1,,,,,,,,,,
2025-09-16T21:28:40.628794,gift,,,,,MS4wLjABAAAAVw3yRSTwHWGAulU1NwJgfF-pQahfjD1lZxG3W5kUKQ3H_y_amABsHYa0P4jZ4w3E,蹲在墙角数蚂蚁,点亮粉丝团,1,,,,,,,,,,
2025-09-16T21:28:40.628848,message,MS4wLjABAAAAdHWjIDByVMc6b8AMgzTeFdH7FVM5z1Ac1mpn6FIidDA,悦目,优秀,,,,,,,,,,,,,,,
2025-09-16T21:28:40.628893,gift,,,,,MS4wLjABAAAANqWNxI0rcnk0ZWA2oJlgyAn6K_6YMOIRsbyhgT49x7k,孙俊高,大啤酒,1,,,,,,,,,,
2025-09-16T21:28:40.628922,message,MS4wLjABAAAABe0bNMyJ-R8qyjS0DPlkOI0Trd3vS3WM7UkCKR4hrc4,⃝꙰⃝꙰⃝꙰⃝꙰⃝꙰⃝꙰⃝꙰⃝꙰⃝,这女的是谁,,,,,,,,,,,,,,,
2025-09-16T21:28:40.629035,gift,,,,,MS4wLjABAAAAKBkKBK0VVCy3lci1xthsVvgA-UjMRsa2YQHbjJ_KvbA,雅,人气票,2,,,,,,,,,,
2025-09-16T21:28:40.629108,gift,,,,,MS4wLjABAAAAHVIY3b_VTJc8IA77UHVQTujkaRBRH1t70w1BI_jK-Pk,兰州鑫达盛护栏厂,玫瑰,345,,,,,,,,,,
2025-09-16T21:28:41.206457,room_stats,,,,,,,,,,,,,,,10万+,10万+,10万+在线观众,378128
2025-09-16T21:28:41.209809,gift,,,,,MS4wLjABAAAAehRjvKddfv-Mjh_-T3OT-KIVsRHAktEIbeMw-RJsKr7uoOEOkFaaysMEN-wLFAIt,港姐朱朱¹⁰¹⁷,小心心,513,,,,,,,,,,
2025-09-16T21:28:41.209880,follow,MS4wLjABAAAA-5T1jXIckIgKTFy355Pa0fo-bm5uscAVXissc-1AS4TE2y8d0OC1xlt-DTaAzznA,，一冖／：,,,,,,,,,,,,33163436,,,,
2025-09-16T21:28:41.209990,gift,,,,,MS4wLjABAAAAreeF1q-hbiwgFdzfIpwE4GWjDRrBUupE4z3VG-s8008,博爱盛博恒瑞二手车,粉丝团灯牌,1,,,,,,,,,,
2025-09-16T21:28:41.215257,enter,MS4wLjABAAAA1349OrgTkMEWDTdhcWAoYrmFSxZeyWJLx3H16LoAAPE,（1407）,,,,,,,,,,,377035,,,,,
2025-09-16T21:28:41.215395,enter,MS4wLjABAAAA1kLbTfBaKXcPnoHia_Ta-deJmWuDaq5Ou4M5niyJMpNEaezKvH_qy6REeLuufYmB,ঞৣঁ最꫞初꧂,,,,,,,,,,,377035,,,,,
2025-09-16T21:28:41.215435,enter,MS4wLjABAAAAteFnZNg-BF7NU1Y413xLGAb8ebCeEhd9yBMV2C3GvbcH7axSL4PJY8a_NNAneIys,用户5680568639226,,,,,,,,,,,378241,,,,,
2025-09-16T21:28:41.818383,enter,MS4wLjABAAAAbgGli75gDF-bdP8GMSotBFv7DyW6mzyzpLJSuuPudg4,番薯就是红薯,,,,,,,,,,,377035,,,,,
2025-09-16T21:28:41.818462,gift,,,,,MS4wLjABAAAAM_PhJbU41Z3isexz3FYW7F3JkanB_CjKy4WOqC0R3Ck,四爷😎,小心心,2,,,,,,,,,,
2025-09-16T21:28:41.818518,gift,,,,,MS4wLjABAAAAn2D7Mk-yLU1pzqCciGIn9Z7Zohc4Idx9PUSYQKRta0FJzC7Ii7H6IiBuyFUaWcL6,白富贵,人气票,1,,,,,,,,,,
2025-09-16T21:28:41.818571,gift,,,,,MS4wLjABAAAAs4agFNKzJ1kmb-Mp0bntJ9OZUMvRH-m5_jwxDrI3nRU,心结善缘,你最好看,1,,,,,,,,,,
2025-09-16T21:28:41.818620,gift,,,,,MS4wLjABAAAARk-Q-OCF72p5li1Bsq0ePCV6T4hGcoqZR5NwCjwqI_s,濞焱 消失,人气票,944,,,,,,,,,,
2025-09-16T21:28:41.818665,gift,,,,,MS4wLjABAAAAPckaRFaGdvMg06Alg-iWLN3LhJrVYdRPFuAeeDN1wMk,平,粉丝团灯牌,1,,,,,,,,,,
2025-09-16T21:28:41.818753,gift,,,,,MS4wLjABAAAAIm2HdxRL2jtKSGJ8dafByFe8cbeVWkx5qqqRIQPkHdw,一线达人,点亮粉丝团,1,,,,,,,,,,
